{"acc_favor_interval": [0.0, 100.0, 1000.0], "art_app_show_interval": [2.0, 4.0, 8.0, 16.0, 32.0, 64.0, 128.0, 256.0, 512.0, 1024.0, 2048.0, 4096.0, 8192.0, 10000.0], "art_app_read_interval": [2.0, 4.0, 8.0, 16.0, 32.0, 64.0, 128.0, 256.0, 512.0, 1024.0, 2048.0, 4096.0, 8192.0, 10000.0], "art_app_readduration_interval": [2.0, 4.0, 8.0, 16.0, 32.0, 64.0, 128.0, 256.0, 512.0, 1024.0, 2048.0, 4096.0, 8192.0, 10000.0], "art_app_collect_interval": [2.0, 7.0, 20.0, 50.0, 75.0, 146.0], "art_sogourank_pv_interval": [200.0, 400.0, 600.0, 800.0], "art_news_comment_interval": [7.0, 16.0, 24.0, 37.0, 52.0, 69.0, 93.0, 120.0, 156.0, 207.0, 263.0, 279.0, 510.0, 766.0, 1192.0, 1778.0, 2889.0, 5315.0, 13280.0, 208506.0], "art_news_participant_interval": [12.0, 24.0, 39.0, 60.0, 83.0, 112.0, 145.0, 190.0, 283.0, 454.0, 659.0, 1112.0, 1649.0, 2568.0, 3949.0, 6055.0, 12349.0, 24525.0, 55210.0, 294619.0, 3193264.0], "acc_share_interval": [0.0, 100.0, 1000.0], "acc_click_interval": [0.0, 100.0, 1000.0], "art_app_comment_interval": [2.0, 4.0, 8.0, 16.0, 32.0, 64.0, 128.0, 256.0, 512.0, 1024.0, 2048.0], "ctr_score_interval": [0.01, 0.02, 0.040000000000000001, 0.059999999999999998, 0.080000000000000002, 0.10000000000000001, 0.12, 0.14999999999999999, 0.20000000000000001, 0.25, 0.29999999999999999, 0.40000000000000002, 0.5, 0.59999999999999998, 0.69999999999999996, 0.80000000000000004, 0.90000000000000002], "recall_word_interval": [0.10000000000000001, 0.20000000000000001, 0.29999999999999999, 0.40000000000000002, 0.5, 0.59999999999999998, 0.69999999999999996, 0.80000000000000004, 0.90000000000000002], "art_app_cmt_reply_interval": [2.0, 4.0, 8.0, 16.0, 32.0, 64.0, 128.0, 256.0, 512.0, 1024.0, 2048.0], "art_app_favor_interval": [2.0, 4.0, 8.0, 16.0, 32.0, 64.0, 128.0, 256.0, 512.0, 1024.0, 2048.0], "art_app_cmt_like_interval": [2.0, 4.0, 8.0, 16.0, 32.0, 64.0, 128.0, 256.0, 512.0, 1024.0, 2048.0], "acc_show_interval": [0.0, 100.0, 1000.0], "pagetime_clicktime_interval": [3.0, 6.0, 12.0, 24.0, 36.0, 48.0, 60.0, 72.0], "art_app_share_interval": [2.0, 4.0, 8.0, 16.0, 32.0, 64.0, 128.0, 256.0, 512.0, 1024.0, 2048.0]}
